freq_GHz,N_segments,memory_MB,omega,iterations,conv_error,peak_current,mean_current,field_max,field_mean,field_shadow,complexity
0.1,34,0.02,0.110000,318,9.9600e-10,2.651455e-03,5.145260e-04,255.00,180.89,228.38,2
0.2,68,0.07,0.145000,257,9.3400e-10,2.217715e-03,3.158037e-04,255.00,165.60,229.25,3
0.3,102,0.16,0.120000,311,9.4700e-10,1.747344e-03,2.809212e-04,255.00,183.82,237.18,5
0.4,134,0.27,0.104000,364,9.6400e-10,1.166371e-03,2.435837e-04,255.00,204.12,243.23,3
0.5,168,0.43,0.100000,379,9.8700e-10,1.110906e-03,2.027710e-04,255.00,202.22,240.38,3
0.6,202,0.62,0.100000,376,9.9000e-10,1.299098e-03,1.782110e-04,255.00,203.31,238.86,3
0.7,234,0.84,0.120000,323,9.6900e-10,1.196389e-03,1.696672e-04,255.00,214.47,243.82,2
0.8,268,1.10,0.104000,374,9.6000e-10,8.504834e-04,1.616769e-04,255.00,213.90,243.87,2
0.9,302,1.39,0.109000,360,9.5300e-10,7.906950e-04,1.480964e-04,255.00,214.51,243.31,1
1.0,334,1.70,0.100000,382,9.9500e-10,9.662391e-04,1.378185e-04,255.00,214.26,242.32,1
1.1,368,2.07,0.100000,381,9.9700e-10,9.741142e-04,1.332915e-04,255.00,213.03,241.04,4
1.2,402,2.47,0.110000,355,9.7700e-10,7.445551e-04,1.300629e-04,255.00,210.90,240.05,3
1.3,434,2.87,0.106000,368,9.8800e-10,6.197527e-04,1.233034e-04,255.00,210.18,239.12,4
1.4,468,3.34,0.100000,380,9.7000e-10,7.774886e-04,1.167212e-04,255.00,209.17,238.01,3
1.5,502,3.85,0.102000,369,9.6600e-10,8.488876e-04,1.133625e-04,255.00,206.68,236.56,3
1.6,534,4.35,0.100000,375,9.9800e-10,7.016947e-04,1.117149e-04,255.00,205.33,235.40,2
1.7,568,4.92,0.107000,354,9.7400e-10,5.318073e-04,1.078460e-04,255.00,204.19,234.13,2
1.8,602,5.53,0.101000,360,9.9100e-10,6.488076e-04,1.032559e-04,255.00,203.14,233.14,1
1.9,634,6.13,0.104000,339,9.5600e-10,7.519113e-04,1.004500e-04,255.00,201.85,232.22,1
2.0,668,6.81,0.102000,326,9.9100e-10,6.642876e-04,9.940500e-05,255.00,200.25,231.24,2
2.1,702,7.52,0.103000,334,9.9300e-10,4.885965e-04,9.706785e-05,255.00,199.29,230.46,3
2.2,734,8.22,0.101000,355,9.6900e-10,5.387963e-04,9.371363e-05,255.00,198.62,229.85,2
2.3,768,9.00,0.102000,356,9.6200e-10,6.704371e-04,9.123144e-05,255.00,197.90,229.33,3
2.4,802,9.81,0.109000,342,9.9200e-10,6.369642e-04,9.033342e-05,255.00,196.97,228.68,2
2.5,834,10.61,0.110000,349,9.7800e-10,4.776476e-04,8.895483e-05,255.00,195.79,227.86,2
2.6,868,11.50,0.101000,380,9.5400e-10,4.635011e-04,8.639083e-05,255.00,194.68,227.08,2
2.7,902,12.41,0.105000,363,9.8800e-10,6.000497e-04,8.423386e-05,255.00,193.23,226.35,2
2.8,934,13.31,0.102000,373,9.9200e-10,6.139912e-04,8.329440e-05,255.00,192.36,225.80,3
2.9,968,14.30,0.100000,386,9.9000e-10,4.741933e-04,8.250109e-05,255.00,190.68,224.75,3
3.0,1002,15.32,0.100000,389,9.9800e-10,4.099754e-04,8.058730e-05,255.00,189.40,223.73,4
3.1,1036,16.38,0.118000,332,9.4600e-10,5.347158e-04,7.872316e-05,255.00,188.45,222.72,2
3.2,1068,17.40,0.108000,356,9.7600e-10,5.828711e-04,7.777568e-05,255.00,186.86,221.13,2
3.3,1102,18.53,0.103000,374,9.7900e-10,4.774441e-04,7.726900e-05,255.00,184.84,218.92,2
3.4,1136,19.69,0.100000,387,9.6500e-10,3.749731e-04,7.586104e-05,255.00,183.85,217.16,3
3.5,1168,20.82,0.100000,379,9.9400e-10,4.664834e-04,7.424665e-05,255.00,182.55,215.24,2
3.6,1202,22.05,0.102000,366,9.8800e-10,5.503791e-04,7.325383e-05,255.00,180.41,213.02,2
3.7,1236,23.31,0.102000,365,9.5900e-10,4.806864e-04,7.287807e-05,255.00,177.48,210.03,5
3.8,1268,24.53,0.103000,361,9.8300e-10,3.605520e-04,7.189520e-05,255.00,175.14,207.42,2
3.9,1302,25.87,0.103000,348,9.8600e-10,4.130422e-04,7.047021e-05,255.00,173.87,205.71,1
4.0,1336,27.24,0.100000,334,9.7600e-10,5.146959e-04,6.947039e-05,255.00,173.07,204.47,2
4.1,1368,28.56,0.100000,326,9.6000e-10,4.869293e-04,6.908825e-05,255.00,171.98,202.96,3
4.2,1402,29.99,0.107000,337,9.5400e-10,3.603442e-04,6.843583e-05,255.00,170.47,201.11,5
4.3,1436,31.47,0.100000,367,9.8600e-10,3.668961e-04,6.722691e-05,255.00,168.05,198.62,3
4.4,1468,32.88,0.100000,368,9.6300e-10,4.717554e-04,6.624329e-05,255.00,166.19,196.67,2
4.5,1502,34.42,0.112000,337,9.7200e-10,4.817833e-04,6.584096e-05,255.00,164.86,195.10,4
4.6,1536,36.00,0.107000,359,9.9100e-10,3.681026e-04,6.541016e-05,255.00,162.99,193.12,4
4.7,1568,37.52,0.102000,379,9.8900e-10,3.265486e-04,6.442939e-05,255.00,161.46,191.38,4
4.8,1602,39.16,0.102000,375,9.7000e-10,4.314200e-04,6.346690e-05,255.00,160.00,189.91,4
4.9,1636,40.84,0.103000,371,9.7000e-10,4.711835e-04,6.300604e-05,255.00,157.85,187.90,2
5.0,1668,42.45,0.110000,355,9.4900e-10,3.865764e-04,6.271019e-05,255.00,155.56,185.62,2
5.1,1702,44.20,0.100000,390,9.8600e-10,3.051753e-04,6.193665e-05,255.00,154.16,184.06,2
5.2,1736,45.99,0.104000,371,9.8800e-10,3.907422e-04,6.104095e-05,255.00,152.96,182.91,4
5.3,1768,47.70,0.101000,377,9.6200e-10,4.547189e-04,6.050801e-05,255.00,151.33,181.32,6
5.4,1802,49.55,0.109000,354,9.6000e-10,3.972963e-04,6.029384e-05,255.00,149.51,179.47,3
5.5,1836,51.44,0.100000,385,9.7700e-10,2.961535e-04,5.970807e-05,255.00,147.05,177.41,5
5.6,1868,53.24,0.104000,366,9.6700e-10,3.450341e-04,5.889949e-05,255.00,145.57,176.16,6
5.7,1902,55.20,0.102000,363,9.9200e-10,4.326019e-04,5.832324e-05,255.00,144.12,174.80,4
5.8,1936,57.19,0.100000,365,9.9400e-10,4.046163e-04,5.812043e-05,255.00,147.66,177.22,3
5.9,1970,59.22,0.105000,348,9.6100e-10,2.979437e-04,5.769298e-05,255.00,164.02,187.32,nan
6.0,2002,61.16,0.104000,335,9.6600e-10,3.107785e-04,5.696650e-05,255.00,162.79,186.17,6
6.1,2036,63.25,0.100000,318,1.0000e-09,4.062676e-04,5.637294e-05,255.00,161.83,185.30,4
6.2,2070,65.38,0.108000,324,9.8100e-10,4.073034e-04,5.614691e-05,255.00,161.89,185.33,5
6.3,2102,67.42,0.101000,361,9.7300e-10,3.134773e-04,5.585342e-05,255.00,163.85,186.88,5
6.4,2136,69.62,0.108000,350,9.5700e-10,2.831528e-04,5.521841e-05,255.00,165.13,187.90,5
6.5,2170,71.85,0.101000,369,9.9000e-10,3.769070e-04,5.462516e-05,255.00,168.12,190.35,4
6.6,2202,73.99,0.101000,371,9.7600e-10,4.066550e-04,5.434009e-05,255.00,167.22,189.85,4
6.7,2236,76.29,0.101000,378,9.9400e-10,3.269864e-04,5.414993e-05,255.00,167.27,189.96,4
6.8,2270,78.63,0.100000,388,9.7600e-10,2.646142e-04,5.362304e-05,255.00,168.57,191.03,6
6.9,2302,80.86,0.103000,374,9.6900e-10,3.401085e-04,5.305129e-05,255.00,170.10,192.51,3
7.0,2336,83.27,0.104000,368,9.8300e-10,3.971425e-04,5.272015e-05,255.00,172.26,194.48,4
7.1,2370,85.71,0.105000,368,9.9800e-10,3.401385e-04,5.257667e-05,255.00,173.78,195.82,3
7.2,2402,88.04,0.101000,387,9.5400e-10,2.580082e-04,5.217034e-05,255.00,175.15,197.15,7
7.3,2436,90.55,0.102000,378,9.9400e-10,3.086765e-04,5.161666e-05,255.00,176.50,198.54,5
7.4,2470,93.09,0.108000,354,9.9400e-10,3.825446e-04,5.124723e-05,255.00,177.31,199.46,5
7.5,2502,95.52,0.105000,363,9.7100e-10,3.556653e-04,5.110576e-05,255.00,177.73,200.07,5
7.6,2536,98.13,0.105000,366,9.8400e-10,2.616901e-04,5.081096e-05,255.00,179.41,201.77,3
7.7,2570,100.78,0.101000,373,9.8500e-10,2.795963e-04,5.030016e-05,255.00,180.94,203.37,5
7.8,2602,103.31,0.100000,366,9.7700e-10,3.602800e-04,4.990153e-05,255.00,182.32,204.76,2
7.9,2636,106.03,0.101000,355,9.9500e-10,3.610411e-04,4.974933e-05,255.00,183.22,205.84,6
8.0,2670,108.78,0.101000,348,9.7800e-10,2.719286e-04,4.954011e-05,255.00,185.12,207.85,7
8.1,2702,111.40,0.106000,311,9.9400e-10,2.515963e-04,4.909482e-05,255.00,186.69,209.49,5
8.2,2736,114.22,0.101000,340,9.8700e-10,3.365234e-04,4.867760e-05,255.00,188.29,211.15,5
8.3,2770,117.08,0.105000,341,9.8400e-10,3.614465e-04,4.849194e-05,255.00,189.62,212.69,4
8.4,2802,119.80,0.107000,348,9.5200e-10,2.913447e-04,4.834482e-05,255.00,190.24,213.74,6
8.5,2836,122.72,0.106000,360,9.7200e-10,2.363343e-04,4.796572e-05,255.00,191.00,214.82,6
8.6,2870,125.69,0.106000,358,9.7500e-10,3.105584e-04,4.755055e-05,255.00,192.32,216.40,4
8.7,2902,128.50,0.105000,361,9.5800e-10,3.568717e-04,4.731738e-05,255.00,193.91,218.21,4
8.8,2936,131.53,0.101000,378,9.9900e-10,3.051117e-04,4.721488e-05,255.00,195.72,220.15,3
8.9,2970,134.60,0.106000,370,9.6600e-10,2.300552e-04,4.690959e-05,255.00,196.80,221.53,3
9.0,3004,137.70,0.107000,363,9.8500e-10,2.839609e-04,4.650803e-05,255.00,198.00,223.11,11
9.1,3036,140.64,0.102000,375,9.6800e-10,3.457497e-04,4.624595e-05,255.00,198.91,224.41,9
9.2,3070,143.81,0.101000,380,9.6700e-10,3.165445e-04,4.615227e-05,255.00,199.66,225.65,7
9.3,3104,147.02,0.108000,363,9.9900e-10,2.325459e-04,4.591803e-05,255.00,200.96,227.31,6
9.4,3136,150.06,0.102000,379,9.7300e-10,2.533822e-04,4.554540e-05,255.00,202.06,228.63,3
9.5,3170,153.33,0.101000,375,9.6200e-10,3.302006e-04,4.525425e-05,255.00,202.88,229.41,9
9.6,3204,156.64,0.109000,349,9.5600e-10,3.244292e-04,4.515062e-05,255.00,203.48,230.08,6
9.7,3236,159.79,0.106000,359,9.9400e-10,2.462642e-04,4.498277e-05,255.00,204.38,230.66,3
9.8,3270,163.16,0.100000,374,9.7500e-10,2.321089e-04,4.463942e-05,255.00,205.29,231.20,11
9.9,3304,166.57,0.100000,361,9.5500e-10,3.110740e-04,4.433352e-05,255.00,206.08,231.67,13
10.0,3336,169.81,0.101000,346,9.7500e-10,3.296075e-04,4.419610e-05,255.00,206.77,232.17,7
